{
  "eye": {
    "orientation": [
      -0.015349669381976128,
      0,
      0,
      0.9998822212219238
    ],
    "magnitude": 1,
    "position": [
      0,
      13.611319541931152,
      443.2012939453125
    ]
  },
  "radius": 256,
  "type": "ORTHOGRAPHIC"
}